Colonna 1;Colonna 2;ID;coreografia;brano;autore;richieste;info livello;info coreo 1;info coreo 2;studiate;coreografo;collaboratori;descrizione coreo
;;001;101;lost in the shuffle;michael peterson;;BASE;;;STUDIATA;Peter Metelnick;;32 conteggi 4 muri
;;002;1540;what the heaven;kyle park;;ALTRE COREO;;;;;;
;;003;16 BARS;16 bars;the southern gothic;;ALTRE COREO;;;;;;
;;004;16 STEPS;crime of the century;shania twain;;ALTRE COREO;COPPIA;CERCHIO;;;;
;;005;16 TONS;sixteen tons;tennessee ernie ford;;ALTRE COREO;;;;;;
;;006;19 FOREVER;19 forever;granger smith;;ALTRE COREO;;;;;;
;;007;1929;1929;tara oram;;SUPER AVANZATO 1+2;;;;Sonia Hemmes;;64 conteggi 4 muri
;;008;3 FLICKS;1 2 3;ann tayler;;AVANZATO 2;;;STUDIATA;David Villelas;Pol F. Ryan David Prestor;64 conteggi 4 muri 3 tag 1 restart
;;009;3 G;get it got it god;billy gilman;;ALTRE COREO;;;;Teo Lattanzio;;
;;010;3 M;miss me more;kelsea ballerini;;ALTRE COREO;;;;;;
;;011;3 TEQUILA FLOOR;3 tequila floor;josiah siska;;SUPER AVANZATO 1+2;;;;Maddison Glover;;
;;012;50 SHOTS;shoulda;kylie morgan;;ALTRE COREO;;;;;;
;;013;8 BALLS;outback booty call;8 ball aitken;;ALTRE COREO;;;;;;
;;014;99 BOTTLES;99 bottles;zane williams;;SUPER AVANZATO 1+2;;;;;;
;;015;A BAR SONG;a bar song (tipsy);shaboozey;;INTERMEDIO;;;STUDIATA;Ben Murphy;;32 conteggi 4 muri (Tag di 4 conteggi alla fine 10° muro)
;;016;A DIFFERENT SUMMER;nothing that a beer can't fix;thomas rhett;;ALTRE COREO;;;;Neus Llioveras;Lourdes Martin;32 conteggi 2 muri
;;017;A SWING TO QUIT;whole lotta quit;randy houser;;SUPER AVANZATO 1+2;;;;;;
;;018;AA;aa;walker hayes;;BASE;;;STUDIATA;Linda Scott;;32 conteggi 4 muri
;;019;AFTER MIDNIGHT;walkin' after midnight;the groovegrass boyz;;ALTRE COREO;;;;;;
;;020;AFTERGLOW;paradise;thomas rhett;;AVANZATO 2;;;;Pol F. Ryan;;32 conteggi 2 muri 3 tag 4 restart
;;021;ALL NIGHT LONG;you shock me all night long;steve' n' seagulls;;ALTRE COREO;;;;;;
;;022;ALL SHOOK UP;all shook up;billy joel;;INTERMEDIO;;;STUDIATA;Naomi Fleetwood Pyle;;80 conteggi 1 muro [Sequenza AB ABC ABC ABC]
;;023;ALL TO MYSELF;all to myself;dan + shy;;AVANZATO 1;;;STUDIATA;Séverine Fillion;;32 conteggi 2 muri [Tag alla fine del 2° del 4° e del 6° muro]
;;024;ALTITUDE;altitude;jarrod morris;;SUPER AVANZATO 1+2;;;;;;
;;025;AMERICAN KIDS;american kids;kenny chesney;;BASE;;;STUDIATA;Randy Pelletier;;32 conteggi 4 muri 1 restart al 6° muro dopo 16 conteggi
;;026;ANGEL & CORONA;look what gone god gave her;thomas rhett;;AVANZATO 1;;;;Darren Bailey;Kate Sala Guylaine Bourdages Roy Verdonk;48 conteggi 2 muri
;;027;ANTHEM;anthem;brett kissel;;AVANZATO 2;;;STUDIATA;Johnny Rossato;;48 conteggi 2 muri
;;028;ANYWAY;she loves me anyway;chancey williams;;ALTRE COREO;;;;;;
;;029;AROUND THE FIRE;old country barn;james johnston;;ALTRE COREO;;;;;;
;;030;ASKIN' QUESTIONS;askin' questions;brady seals;;INTERMEDIO;;;STUDIATA;Larry Bass;;32 conteggi 4 muri
;;031;AUSTIN;austin;dasha;;AVANZATO 2;;;;Pol F. Ryan;;32 conteggi 2 muri
;;032;AUTHORITY;authority song;chancey williams;;ALTRE COREO;;;;Mario Hollnsteiner;;
;;033;AW NAW;aw naw;chris young;;ALTRE COREO;;;;Jgor Pasin;;
;;034;BACK DOWN;break it back down;pat green;;INTERMEDIO;;;STUDIATA;Gianni Hook Valassi;;32 conteggi 4 muri (1 restart al 10° muro dopo 16 contegggi)
;;035;BAD;bad bad leroy brown;jim croce;;ALTRE COREO;;;;Gianni Hook Valassi;;
;;036;BEAUTIFUL DRUG;beautiful drug;zac brown band;;ALTRE COREO;;;;Pino Piromalli;Nadia Gandin;32 conteggi 2 muri
;;037;BEER FOR MY HORSES;beer for my horses;toby keith & willie nelson;;BASE;;;RECENTE;Christine Bass;;40 conteggi 4 muri
;;038;BEETHOVEN'S BOOGIE;boogie and beethoven;the gatlin brothers band;;ALTRE COREO;;;;;;
;;039;BEST ADVENTURE;best adventure;leaving thomas;;ALTRE COREO;;;;Johnny Rossato;;
;;040;BETTER COUNTRY;better country;paul brandt;;INTERMEDIO;;;STUDIATA;Pino Piromalli;Isabella Ghinolfi;32 conteggi 2 muri
;;041;BILL'S BASIC;i don't need the booze;alan jackson;;BASE;STAGE;;STUDIATA;Bill Ray;;16 conteggi 4 muri
;;042;BILL'S BASIC;lord have marcy on a country boy;josh turner;;BASE;STAGE;;STUDIATA;Bill Ray;;16 conteggi 4 muri
;;043;BILL'S BASIC;somebody take me home;kenny chesney;;BASE;STAGE;;STUDIATA;Bill Ray;;16 conteggi 4 muri
;;044;BILL'S BASIC;winter wonderland;brad paisley;;BASE;NATALIZIA;;STUDIATA;Bill Ray;;16 conteggi 4 muri
;;045;BILLBOARD ;name on a billboard;charley crockett;;SUPER AVANZATO 3;;;;;;
;;046;BLACK COFFEE;all i want for christmas is you;mariah carey;;BASE;NATALIZIA;;STUDIATA;Helen O'Malley;;32 conteggi 4 muri
;;047;BLACK COFFEE;black coffee;lacy j dalton;;BASE;;;STUDIATA;Helen O'Malley;;32 conteggi 4 muri
;;048;BLACK COFFEE;last christmas;taylor swift;;BASE;NATALIZIA;;STUDIATA;Helen O'Malley;;32 conteggi 4 muri
;;049;BLACK COFFEE;party for two;shania twain feat. billy currington;;BASE;;;STUDIATA;Helen O'Malley;;32 conteggi 4 muri
;;050;BLACK COFFEE;some town somewhere;kenny chesney;;BASE;;;STUDIATA;Helen O'Malley;;32 conteggi 4 muri
;;051;BLACK COFFEE;the salt in my tears;dolly parton;;BASE;;;STUDIATA;Helen O'Malley;;32 conteggi 4 muri
;;052;BLACK COFFEE;undone;dean brody;;BASE;;;STUDIATA;Helen O'Malley;;32 conteggi 4 muri
;;053;BLACK COFFEE;why couldn't be christmas everyday?;bianca ryan;;BASE;NATALIZIA;;STUDIATA;Helen O'Malley;;32 conteggi 4 muri
;;054;BOOMERANG;i'm still falling;slow horses;;ALTRE COREO;;;;;;
;;055;BOOTY TO THE FLOOR;daisy dukes and cowboy boots;cowboy troy;;ALTRE COREO;;;;;;
;;056;BOOZE CRUISE;the booze cruise;blackjack billy;;AVANZATO 1;;;;Donna Manning;;32 conteggi 2 muri
;;057;BORN FREE;born free;kid rock;;ALTRE COREO;;;;;;
;;058;BORN TO BE GREAT;some town somewhere;kenny chesney;;ALTRE COREO;;;;Teo Lattanzio;;
;;059;BORROW MY HEART;borrow my heart;taylor henderson;;SUPER AVANZATO 1+2;;;;Teo Lattanzio;;
;;060;BRING DOWN THE HOUSE;bring down the house;dean brody;;AVANZATO 1;;;;Sthépane Cormier;Denis Henley;32 conteggi 4 muri 
;;061;BROKEN HEELS;broken heels;alexandra burke;;AVANZATO 2;;;;Jo Kinser;Jhon Kinser Mark Fummel;64 conteggi 2 muri
;;062;BRUNCH;good people;josh grider;;ALTRE COREO;;;;Pol F. Ryan;;Intro 32 counts A64c Tag8c Final 2 muri
;;063;BUDDY;one step forward;desert rose band;;BASE;;;STUDIATA;Bruno Moggia;;32 conteggi 2 muri
;;064;BUILD A FIRE;build a fire;the wanderings hearts;;AVANZATO 2;;;;Stefano Civa;;32 conteggi 2 muri 2 tag 1 restart 1 final
;;065;BURNIN' UP;i hope it's me;brett kissel;;ALTRE COREO;;;;;;
;;066;BURNING LOVE;burning love;travis tritt;;INTERMEDIO;;;STUDIATA;Christian Sildatke;;32 conteggi 4 muri
;;067;BURNING THE DAY;firefly;east love;;ALTRE COREO;;;;Teo Lattanzio;;
;;068;BUSH PARTY;bush party;dean brody;;INTERMEDIO;;;STUDIATA;Valentina Trigila;;32 conteggi 4 muri [2 Restart il 1° al 5° muro dopo 24 counts ed il 2° al 10° muro dopo 16 conteggi]
;;069;BY AND BY;by and by;the olson band;;ALTRE COREO;;;;;;
;;070;CABO SAN LUCAS;all i want for christmas is a real good than;kenny chesney;;INTERMEDIO;NATALIZIA;;STUDIATA;Reo Ghazali;;32 conteggi 4 muri
;;071;CABO SAN LUCAS;cabo san lucas;toby keith;;INTERMEDIO;;;STUDIATA;Reo Ghazali;;32 conteggi 4 muri
;;072;CANDY KISSES;bottoms up;brantley gilbert;;BASE;;;RECENTE;Unknown;;24 conteggi 4 muri
;;073;CANDY KISSES;kick the dust up;luke bryan;;BASE;;;RECENTE;Unknown;;24 conteggi 4 muri
;;074;CANDY KISSES;sweet home alabama;lynyrd skynyrd;;BASE;;;RECENTE;Unknown;;24 conteggi 4 muri
;;075;CASTAWAY;castaway;zac brown band;;ALTRE COREO;COPPIA;CERCHIO;;;;
;;076;CENTURION;my heart's broke down;dean miller;;AVANZATO 1;;;RECENTE;Rob Fowler;;[100 conteggi] 4 muri 1 restart 1 tag (3°muro restart dopo 48 counts) (4°muro tag di 98 conteggi dopo)
;;077;CHA CHA SLIDE;cha cha slide;dj casper;;ALTRE COREO;;;;;;
;;078;CHANGING DANCE BARN DANCE;all over again;the mavericks;;BASE;COPPIA;CERCHIO;STUDIATA;;;(couple and circle)
;;079;CHANGING DANCE BARN DANCE;dance the night away;the mavericks;;BASE;COPPIA;CERCHIO;STUDIATA;;;(couple and circle)
;;080;CHANGING POLKA;oh suzanna;yamboo;;ALTRE COREO;TRE PERSONE;;STUDIATA;Unknown;;
;;081;CHASING DOWN A GOOD TIME;chasing down a good time;randy houser;;AVANZATO 1;;;STUDIATA;Dan Albro;;48 conteggi 4 muri [Al 3° muro Tag dopo 14 conteggi]
;;082;CHECK IN;stay in your line;hinterland;;SUPER AVANZATO 3;;;;;;
;;083;CHECK IT OUT;check it out;on the larceny;;ALTRE COREO;;;;;;
;;084;CHEEK TO CHEEK;bailando;enrique iglesias;;ALTRE COREO;;;;;;
;;085;CHEEK TO CHEEK;stuck like glue;sugarland;;AVANZATO 1;;;;Rob Fowler;;64 conteggi 2 muri 
;;086;CHEERLEADER;cheerleader;omi;;BASE;;;RECENTE;Stefan Schutzer;;32 conteggi 4 muri [restart al 2° e 5° muro dopo 16 conteggi]
;;087;CHEYENNE;cadillac tears;kevin denney;;BASE;;;STUDIATA;Unknown;;24 conteggi 4 muri
;;088;CHEYENNE;feels just liken a love song;sara evans;;BASE;;;STUDIATA;Unknown;;24 conteggi 4 muri
;;089;CHEYENNE;i'm gonna getcha good;shania twain;;BASE;;;STUDIATA;Unknown;;24 conteggi 4 muri
;;090;CHEYENNE;mamma mia;elena feat glance;;BASE;;;STUDIATA;Unknown;;24 conteggi 4 muri
;;091;CHEYENNE;original ghostbusters theme song;ray parker jr;;BASE;HALLOWEEN;;STUDIATA;Unknown;;24 conteggi 4 muri
;;092;CHEYENNE;santa's gonna take it all black;toby keith;;BASE;NATALIZIA;;STUDIATA;Unknown;;24 conteggi 4 muri
;;093;CHEYENNE;the big one;george strait;;BASE;;;STUDIATA;Unknown;;24 conteggi 4 muri
;;094;CHEYENNE;up;shania twain;;BASE;;;STUDIATA;Unknown;;24 conteggi 4 muri
;;095;CHEYENNE;white christmas;giuliano palma;;BASE;NATALIZIA;;STUDIATA;Unknown;;24 conteggi 4 muri
;;096;CHEYENNE'S ROCK;it's late;shakin' stevens;;ALTRE COREO;;;;Séverine Fillion;;32 conteggi 2 muri
;;097;CHILL FACTOR;born it to the ground;nickelback;;INTERMEDIO;;;RECENTE;Daniel Whittaker;Hayley Westhead;48 conteggi 4 muri
;;098;CHILL FACTOR;calling all the monster;china anne mcclain;;INTERMEDIO;HALLOWEEN;;RECENTE;Daniel Whittaker;Hayley Westhead;48 conteggi 4 muri
;;099;CHILL FACTOR;last night (line dance party);madison cowboy & dj robbie;;INTERMEDIO;;;RECENTE;Daniel Whittaker;Hayley Westhead;48 conteggi 4 muri
;;100;CHILL FACTOR;last night (original version);chris handerson feat dj robbie;;INTERMEDIO;;;RECENTE;Daniel Whittaker;Hayley Westhead;48 conteggi 4 muri
;;101;CHILL FACTOR;rock on;hunter;;INTERMEDIO;;;RECENTE;Daniel Whittaker;Hayley Westhead;48 conteggi 4 muri
;;102;CHOO CHOO TRAIN;baby likes to rock it;the tractors;;ALTRE COREO;;;;;;
;;103;CHOP;shut up and fish;maddie & tae;;ALTRE COREO;;;;;;
;;104;CHOP CHOP;chop chop;bruno legrizzly;;ALTRE COREO;;;;;;
;;105;CINNAMON AND BLUE;creekwater clear;charlie worsham with elle king;;ALTRE COREO;;;;;;
;;106;CITY OF MUSIC;city of music;brad paisley;;ALTRE COREO;;;;David Villelas;Séverine Fillion;
;;107;CLICKETY CLACK;southbound train;travis tritt;;AVANZATO 1;;;STUDIATA;Peter Metelnick;Kathy Hunyadi;68 conteggi 4 muri
;;108;COASTIN;lord of the dance;ronan hardiman;;ALTRE COREO;;;;;;
;;109;COFFEE;why wouldn't wanna be me;keith urban;;ALTRE COREO;;;;Algaly Fofana;;
;;110;COME MY WAY;come my way;raynes;;SUPER AVANZATO 1+2;;;;;;
;;111;COME TO DANCE;carry me to back virginia;old crow medicine show;;ALTRE COREO;CONTRA;;;Séverine Fillion;;32 conteggi 1 muro contra dance
;;112;COPPERHEAD ROAD;copperhead road;steve earle;;BASE;STAGE;;STUDIATA;Unknown;;32 conteggi 4 muri
;;113;COTTON EYED JOE;cotton eye joe;rednex;;ALTRE COREO;COPPIA;;;;;
;;114;COUNTRY AS CAN BE;call me;blondie;;BASE;;;STUDIATA;Suzanne Wilson;;32 conteggi 4 muri
;;115;COUNTRY AS CAN BE;christmas (baby please come home);lady antebellum;;BASE;NATALIZIA;;STUDIATA;Suzanne Wilson;;32 conteggi 4 muri
;;116;COUNTRY AS CAN BE;country as a boy can be;brady seals;;BASE;;;STUDIATA;Suzanne Wilson;;32 conteggi 4 muri
;;117;COUNTRY GIRL SHAKE;country girl (shake it for me);luke bryan;;ALTRE COREO;;;;;;
;;118;COUNTRY ROADS;country roads;hermes house band;;AVANZATO 2;;;STUDIATA;Kate Sala;;32 conteggi 4 muri 1 tag alla fine del 5° muro
;;119;COWBOY BIG UP;cowboy up;jill johnson;;BASE;STAGE;;STUDIATA;Big Andrew Gragnaniello;;32 conteggi 4 muri
;;120;CASANOVA COWBOY;blue christmas;sheryl crow;;INTERMEDIO;NATALIZIA;;STUDIATA;Rob Fowler;;32 conteggi 4 muri
;;121;CASANOVA COWBOY;cowboy casanova;carrie underwood;;INTERMEDIO;;;STUDIATA;Rob Fowler;;32 conteggi 4 muri
;;122;CASANOVA COWBOY;must be a woman;gord bamford;;INTERMEDIO;;;STUDIATA;Rob Fowler;;32 conteggi 4 muri
;;123;CASANOVA COWBOY;true blue;madonna;;INTERMEDIO;;;STUDIATA;Rob Fowler;;32 conteggi 4 muri
;;124;COWBOY STRUT;my next broken heart;brooks & dunn;;ALTRE COREO;;;;;;
;;125;COWBOY UP;bury the shovel;clay walker;;SUPER AVANZATO 1+2;;;;;;
;;126;CRASH AND BURN;crush and burn;thomas rhett;;BASE;;;STUDIATA;Gail Smith;;32 conteggi 4 muri
;;127;CRAZY SONG;what a song can do;lady a;;INTERMEDIO;;;;Séverine Fillion;Brayan Bogey;32 conteggi 4 muri
;;128;CUPID SHUFFLE;down south shuffle;r3 feat big robb;;ALTRE COREO;;;;;;
;;129;CUT A RUG;roxanne's bayou;billy yates;;ALTRE COREO;CONTRA;;;;;
;;130;CUT AND STRUT;suds in the bucket;sara evans;;BASE;;;STUDIATA;Unknown;;32 conteggi 4 muri
;;131;DADDY'S MONEY;daddy's money;ricochet;;ALTRE COREO;;;;Gianni Hook Valassi;;
;;132;DAMN!;damn (feat dave mustaine);brett kissel;;ALTRE COREO;;;;;;
;;133;DANCE AGAIN;standin' still;the clark family experience;;INTERMEDIO;;;STUDIATA;Adriano Castagnoli;;32 conteggi 4 muri (Restart al 4° muro dopo 28 conteggi)
;;134;DANCING VIOLINS;duelling violins;ronan hardiman;;INTERMEDIO;;;STUDIATA;Maggie Ghallager;;2 muri A A B B A A A
;;135;DARK SIDE;hell if i know;chase bryant;;BASE;;;STUDIATA;Pol F. Ryan;Lourdes Martin Marta Steve Borras Neus Lloveras Silvana;16 conteggi 4 muri
;;136;DAWNING;new day dawning;wynonna judd;;AVANZATO 2;;;;Daniel Trepat;;32 conteggi 2 muri
;;137;DAY JOB;day job;gord bamford;;ALTRE COREO;;;;;;
;;138;DEAR LIFE;dear life;high valley;;INTERMEDIO;;;RECENTE;Stefano Civa;;32 conteggi 2 muri [2 Tag di 4 counts (1°tag al 5° muro dopo 8 counts) (2°tag alla fine dell' 8 muro)]
;;139;DEVIL'S SIDE;bad side;moonlight social;;ALTRE COREO;;;;;;
;;140;DIANE;diane;cam;;ALTRE COREO;;;;;;
;;141;DIG YOUR HEELS;here's to & I;the mc clymons;;ALTRE COREO;;;;Maddison Glover;;52 conteggi 4 muri coreografia frasata
;;142;DIM THE LIGHT;the kind of love we make;luke combos;;ALTRE COREO;;;;;;
;;143;DING DANG DARN IT;din dang darn it;ken domash;;ALTRE COREO;;;;;;
;;144;DOCTOR DOCTOR;bad case of loving you;robert palmer;;INTERMEDIO;;;STUDIATA;Masters in Line;;80 conteggi 4 muri [1 restart 4°muro dopo 32 counts] [1 Tag 5°muro dopo 32 counts]
;;145;DON'T DRINK THE WATHER;don't drink the wather;brad paisley;;ALTRE COREO;;;;;;
;;146;DON'T MAKE ME BEG;don't make me beg;steve holy;;SUPER AVANZATO 1+2;;;;;;2 muri  frasata Parte A (32 counts) B (32 counts ) C (32 counts) SEQUENZA    A A B B C A A B B C C C A B B C C C
;;147;DOUBLE DUTCH;some beach;blake shelton;;ALTRE COREO;COPPIA;CERCHIO;STUDIATA;;;
;;148;DRIVEN;driven;casey james;;ALTRE COREO;;;;;;
;;149;DUTY FREE;natural disaster;zac brown band;;AVANZATO 2;;;;Esther & José;;A 20c B 38c C 16c 1muro [A BB A BB(24) CCC BB(24)]
;;150;EASY COME EASY GO;hillbilly rock hillibilly roll;die campbell;;ALTRE COREO;;;;;;
;;151;EASY TWIST;anyone can play;gle campbell;;ALTRE COREO;;;;;;
;;152;EASY WAY;just be you;billy yates;;ALTRE COREO;;;;;;
;;153;EIGHT SECOND RIDE;eight second ride;jake owen;;ALTRE COREO;;;;;;
;;154;ELECTRIC SLIDE;achy breaky heart;billy ray;;BASE;;;STUDIATA;Ric Silvern;;14 conteggi 2 muri
;;155;ELECTRIC SLIDE;jingle bell rock;rascal flatts;;BASE;NATALIZIA;;STUDIATA;Ric Silvern;;14 conteggi 2 muri
;;156;ELECTRIC SLIDE;let me be there;nathan carter;;BASE;;;STUDIATA;Ric Silvern;;14 conteggi 2 muri
;;157;ELECTRIC STOMP;long road to nashville;the woolpackers;;ALTRE COREO;;;;;;24 conteggi 4 muri
;;158;ENDLESS;less and less;travis tritt;;ALTRE COREO;;;;;;
;;159;EVERY STAR;even the stars fall for you;keith urban;;ALTRE COREO;COPPIA;;;;;
;;160;FAKE ID;fake id;big & rich;;SUPER AVANZATO 1+2;;;;;;
;;161;FEEL THE MOMENT;walla walla prison;scotty alexander;;SUPER AVANZATO 1+2;;;;David Villelas;;
;;162;FIFTY TWO BEERS AGO;beers ago;toby keith;;INTERMEDIO;;;RECENTE;Séverine Fillion;;32 conteggi 4 muri (Restart al 5° muro dopo 24 conteggi)
;;163;FIGHT;fight!;lee dewyze;;AVANZATO 2;;;STUDIATA;Teo Lattanzio;;Intro 8 tempi (A32 B16 Tag1 44 Tag2 24) 2 muri [AA Tag1 AAAA BB Tag2 A BBB B Final] 
;;164;FINE;fine;the abrams;;ALTRE COREO;;;;;;
;;165;FIREBALL;fireball;pitbull;;ALTRE COREO;;;;;;
;;166;FIRST STOMP;cotton eyed joe;rednex;;BASE;STAGE;;RECENTE;Emma D'Adamo;;16 conteggi 4 muri
;;167;FIRST STOMP;old pop in a oak;rednex;;BASE;STAGE;;RECENTE;Emma D'Adamo;;16 conteggi 4 muri
;;168;FIVE MINUTES;texas as hell;miranda lambert;;ALTRE COREO;COPPIA;;;David Villelas;;
;;169;FLASHDANCE;still in love with you;travis tritt;;AVANZATO 1;;;;Debbie Hogg;;64 conteggi 2 muri
;;170;FLICK FLAK;freag flag;alex williams;;ALTRE COREO;;;;;;
;;171;FLOBIE SLIDE;i'm holdin'on to love;shania twain;;ALTRE COREO;;;;;;
;;172;FLOWERS;flowers;miley cyrus;;AVANZATO 2;;;STUDIATA;Vanna Zerlotin;;32 conteggi 2 muri
;;173;FOOLISH HEART;mary;zac brown band;;AVANZATO 1;;;;David Villelas;;80 conteggi 4 muri 
;;174;FOOTLOOSE;footloose;blake shelton;;INTERMEDIO;;;RECENTE;Rob Fowler;;48 conteggi 4 muri 
;;175;FOR BETTER FOR WORSE;for better for worse;old man markley;;ALTRE COREO;;;;;;
;;176;FOREVER;27 in the checking;kendall shaffer;;ALTRE COREO;;;;;;
;;177;FOREVER YOUNG;young forever;high valley;;ALTRE COREO;;;;;;
;;178;FORGIVE ME FRIEND;forgive me friend;smith & thell;;AVANZATO 1;;;STUDIATA;Helena Jeppsson;;32 conteggi 4 muri restart al 9° e 10° muro sempre dopo 30 conteggi
;;179;FOUR STAR BOOGIE;get over it;eagles;;ALTRE COREO;;;;;;
;;180;FRENCH KISS;our first kiss;jeff wood;;ALTRE COREO;;;;;;
;;181;FRIENDS;you've been a friend to me;bryan adams;;AVANZATO 2;;;;Ambros Sillero;;64 conteggi 2 muri
;;182;FROM A TO Z;trip around the sound;kenny chesney;;ALTRE COREO;;;;;;
;;183;FUNNY JOKE;no night like this;cath purcell;;ALTRE COREO;;;STUDIATA;Bruno Morel;;16 conteggi 4 muri
;;184;GALWAY GATHERING;games people play;tracy bird;;ALTRE COREO;;;;;;
;;185;GAME ON;justin sayin;james parker band;;ALTRE COREO;;;;;;
;;186;GET ALONG;get along;surrender hill;;SUPER AVANZATO 3;;;;Jgor Pasin;;32 conteggi 4 muri (1 restart al 4° muro dopo 24 conteggi e 1 restart all' 8° muro dopo 8 conteggi)
;;187;GET UP !;up;olly murs;;SUPER AVANZATO 1+2;;;;;;
;;188;GHOST TOWN;ghost town;sam outlaw;;BASE;;;RECENTE;Arnaud Marraffa;;32 conteggi 4 muri 1 restart all' 11° muro
;;189;GIDDY UP!;giddy up!;shania twain;;ALTRE COREO;;;;Fabio Terzoni;Big Andrea;
;;190;GIVES ME SHIVERS;shivers;ed sheeran;;ALTRE COREO;;;;Brandon Zahorsky;;32 conteggi 4 muri
;;191;GLASS OF WINE;cry to me;kilotile;;BASE;;;RECENTE;Malene Jakobsen;;32 conteggi 4 muri
;;192;GO CAT GO;please mama please;go cat go;;ALTRE COREO;;;STUDIATA;;;
;;193;GO HOME;you're drunk go home;kelsea ballerini;;ALTRE COREO;;;;Gianni Hook Valassi;;
;;194;GOD IS GOOD;god is good;paul overstreet;;ALTRE COREO;;;;;;
;;195;GOING GOING GONE;going going gone;maddie poppe;;SUPER AVANZATO 1+2;;;;;;
;;196;GOLIATH;goliath;smith & thell;;ALTRE COREO;;;;Tomasz & Angela;;32 conteggi 2 muri
;;197;GONE FOR YOU;gone, gone, gone;phillip phillips;;SUPER AVANZATO 1+2;;;;Stefano Civa;;
;;198;GOOD THINGS;good things;keith urban;;ALTRE COREO;;;;;;
;;199;GOTCHA;movin' on;the crazy bulls band;;ALTRE COREO;;;;;;
;;200;GRAVITY;gravity;stephen kellog & the sixers;;AVANZATO 1;;;;The Dreamers;;32 conteggi 2 muri (Tag al 2°muro di 14 conteggi) [Restart al 5° 7° e 9° muro sempre dopo 8 conteggi]
;;201;GREAT GAMBLE;losing at loving;blue county;;ALTRE COREO;;;;;;
;;202;GROOVY LOVE;if jesus love me;saint lanvain;;ALTRE COREO;;;;;;
;;203;GROWING PAINS;grawing pains;breland;;ALTRE COREO;;;;Johnny Rossato;;
;;204;WALKIN' THE LINE;blown away ;carrie underwood;;BASE;;;RECENTE;Unknown;;26 conteggi 4 muri
;;205;HALLELUL Y'ALL;halleluy'all;bomshel;;INTERMEDIO;;;STUDIATA;Chris Jones;;32 conteggi 4 muri
;;206;HALLELUJAH;joy's gonna come;the kingsmen;;AVANZATO 1;;;;Adriano Castagnoli;;68 conteggi 2 muri
;;207;HAND SHAKE;do you wanna?;kyle shobe & the walk 'em boys;;ALTRE COREO;;;;;;
;;208;HEADS OR TAILS;she had me (at heads carolina);cole swindell;;AVANZATO 2;;;;Pol F. Ryan;;32 counts 2 muri intro 10+16 3 restart final 
;;209;HEADIN WEST;headin' west;daly stephenson;;ALTRE COREO;;;;;;
;;210;HEART ATTACK;heart attack;boy named banjo;;ALTRE COREO;;;;Stefano Civa;;
;;211;HEAVEN ON DIRT;heaven on dirt;doc walker;;ALTRE COREO;;;;;;
;;212;HEEL TOE POLKA;barn dance;mark geslison & geoff groberg;;BASE;COPPIA;CERCHIO;STUDIATA;Unknown;;32 conteggi (couple and circle)
;;213;HEYDAY TONIGHT;heyday tonight;aaron watson;;ALTRE COREO;CONTRA;;;;;
;;214;HILLBILLY GIRL;hillbilly girl;lisa mchugh;;ALTRE COREO;;;;;;
;;215;HOLD;maybe i shouldn't;matt borden;;AVANZATO 1;;;;Jgor Pasin;;96 conteggi A B A B A (32 conteggi) A (32 conteggi) B B A 16 conteggi)
;;216;HOLD ON TO ME;hold on to me;music travel love;;AVANZATO 2;;;;Pol F. Ryan;;32 conteggi 4 muri 4 restart
;;217;HOLD YOUR HORSES;hold your horses;e type;;ALTRE COREO;;;;;;
;;218;HOLLY'S CHURCH;my church;maren morris;;AVANZATO 2;;;;Mario & Lilly Hollnsteiner;;64 conteggi 4 muri
;;219;HONEY SWEET HONEY;honey honey;derek ryan & lisa mchugh;;ALTRE COREO;;;;;;
;;220;HONKY TONK WAY;i see country;ian munsick;;ALTRE COREO;;;;;;
;;221;HURRY UP SLOW DOWN;hurry up, slow down;don derby;;ALTRE COREO;;;;;;
;;222;I BELIEVE IN YOU;i believe in you;ward thomas;;ALTRE COREO;;;;;;
;;223;I TELL YOU WANT;i told you so;keith urban;;ALTRE COREO;;;;;;
;;224;INFINITY;fiddle;bomshel;;ALTRE COREO;;;;David Villelas;;
;;225;IRISH CHANGE;tell me ma;sham rock;;BASE;COPPIA;CERCHIO;STUDIATA;;;32 conteggi (couple and circle)
;;226;IRISH SPIRIT;celtic rock;david king;;SUPER AVANZATO 1+2;;;STUDIATA;;;
;;227;IRISH STEW;american land;bruce springsteen;;BASE;;;STUDIATA;Lois Lightfoot;;32 conteggi 4 muri
;;228;IRISH STEW;cowboy yodel song;cliona hagan;;BASE;;;STUDIATA;Lois Lightfoot;;32 conteggi 4 muri
;;229;IRISH STEW;cowboy's sweetheart;leann rimes;;BASE;;;STUDIATA;Lois Lightfoot;;32 conteggi 4 muri
;;230;IRISH STEW;irish stew;sham rock;;BASE;;;STUDIATA;Lois Lightfoot;;32 conteggi 4 muri
;;231;IRISH STEW;the merry christmas polka;jim reeves;;BASE;NATALIZIA;;STUDIATA;Lois Lightfoot;;32 conteggi 4 muri
;;232;ISLANDS IN THE STREAM;islands in the stream;dolly parton;;ALTRE COREO;COPPIA;;;;;
;;233;IT HAPPENS;it happens;sugarland;;SUPER AVANZATO 3;;;RECENTE;;;
;;234;IT'S ALRIGHT;it's alright to be a redneck;alan jackson;;ALTRE COREO;;;;;;
;;235;IT'S AMERICA;it's america;rodney atkins;;INTERMEDIO;;;STUDIATA;Gaye Teather;;32 conteggi 4 muri
;;236;IT'S EASY;you lied to me;wynonna judd;;ALTRE COREO;;;;;;
;;237;ITALIAN LINE DANCE;italian line dance crowd;george mc anthony;;ALTRE COREO;;;;Jgor Pasin;;
;;238;JACK DANIEL'S;favorite state of mind;josh gracin;;SUPER AVANZATO 1+2;;;;;;
;;239;JACKET JOE;trapper jacket joe;george mc anthony;;AVANZATO 1;;;;Esther & José;;32 conteggi 4 muri 5Tag 1restart
;;240;JR;all you need is me;joey + rory;;ALTRE COREO;;;;;;
;;241;JUMPING JAMBOREE;dephine;ranchhands;;ALTRE COREO;;;;;;
;;242;JUST A GIRL;just a girl;lady antebellum;;AVANZATO 2;;;;Séverine Fillion;Arnaud Marraffa;32 conteggi 2 muri
;;243;KENTUCKY CLOVER;billy the kid;chris ledoux;;INTERMEDIO;;;RECENTE;Ray Bus;;32 conteggi 4 muri
;;244;KENTUCKY CLOVER;it's not ok;zac brown band;;INTERMEDIO;;;RECENTE;Ray Bus;;32 conteggi 4 muri
;;245;KILL THE SPIDERS;kill the spider;brad paisley;;INTERMEDIO;;;RECENTE;Gaye Teather;;32 conteggi 2 muri
;;246;KINDA LIKE NOW;kinda like now;aaron scherz;;ALTRE COREO;;;;;;
;;247;LALALI;this is not goodbye;jhonny reid;;ALTRE COREO;;;;;;
;;248;LARGER THAN LIFE;larger than life;pinkzebra;;ALTRE COREO;;;;Teo Lattanzio;;
;;249;LAST CALL;shout mountain music;old crow medicine show;;ALTRE COREO;;;;;;
;;250;LAST MINUTE;baptized;daughtry;;ALTRE COREO;;;;;;
;;251;LAY DOWN AND DANCE;baby let's lay down and dance;garth brooks;;ALTRE COREO;;;;;;
;;252;LAY LOW;lay low;josh turner;;ALTRE COREO;;;;;;
;;253;LEAVE IT UP;i'm your man;bon jovi;;ALTRE COREO;;;;Fi Scott & Johnny Two Step;;32 conteggi 4 muri
;;254;LEAVE IT UP;we got it going on;bon jovi;;ALTRE COREO;;;;Fi Scott & Johnny Two Step;;32 conteggi 4 muri
;;255;TIPSY;a bar song (tipsy);shaboozey;;ALTRE COREO;;;;Susan Garnett;;
;;256;LEMON SQUEEZY;good to go;lonis;;SUPER AVANZATO 1+2;;;;Pol F. Ryan;;
;;257;LET'S GET UP;you're gonna get back up;lisa mchugh;;ALTRE COREO;;;;;;
;;258;LIAR;liar;jelly roll;;AVANZATO 2;;;STUDIATA;Stefano Civa;;32 conteggi 2 muri 2 restart
;;259;LIGHTING POLKA;the wind;zac brown band;;ALTRE COREO;;;;;;
;;260;LIKE IT'S CHRISTMAS;like it's christmas;jonas brothers;;ALTRE COREO;NATALIZIA;;;;;
;;261;LINDI SHUFFLE;i need more of you;the bellamy brothers;;BASE;CONTRA;;STUDIATA;Jame Smee;;16 conteggi 2 muri (contra dance)
;;262;LIT;lit;trace adkins;;ALTRE COREO;;;;;;
;;263;LITTLE BIT LATER ON;little bit later on;luke bryan;;ALTRE COREO;;;;;;
;;264;LITTLE BURRITO;my people;james johnston;;ALTRE COREO;;;;;;
;;265;LITTLE WHITE CHURCH;little white church;little big town;;ALTRE COREO;;;;;;
;;266;LONELY DRUM;lonely drum;aaron goodvin;;BASE;;;STUDIATA;Darren Mitchell;;32 conteggi 4 muri
;;267;LONG LONG WAY;long long way;alan jackson;;INTERMEDIO;COPPIA;CERCHIO;STUDIATA;DJ Dan;Wynette MIller;32 conteggi [couple dance]
;;268;LOOKIN' FOR ME;no stone unterned;randy houser;;SUPER AVANZATO 1+2;;;;;;
;;269;LORDY;lordy lordy;brave giant;;AVANZATO 2;;;RECENTE;Teo Lattanzio;;64 conteggi 2 muri
;;270;LOST;lost;hunter brother;;INTERMEDIO;;;STUDIATA;Stefano Civa;;32 conteggi 4 muri (3 restart al 2° 3° e 4° muro dopo 16 conteggi)
;;271;LOST IN ME;wagon wheel;nathan carter;;INTERMEDIO;;;;David Villelas;;64 conteggi 4muri
;;272;LOVE IT;hard not to love it;steve moakler;;ALTRE COREO;;;;;;
;;273;LOVE SOMEONE;love someone;brett eldredge;;ALTRE COREO;;;;Pino Piromalli;;40 conteggi 2 muri
;;274;LOVELINE;how i'll always be;tim mcgraw;;ALTRE COREO;;;;;;
;;275;LUCKY ME;lucky me;randy houser;;SUPER AVANZATO 3;;;STUDIATA;Maddison Glover;;48 conteggi 2 muri (Tag di 16 conteggi alla fine del 2° muro e Tag di 8 conteggi alla fine del 5° muro)
;;276;MAKE YOU MINE;make you mine;high valley;;ALTRE COREO;;;;;;
;;277;ME AND JOHNNY CASH;me and jhonny cash;rainey qualley;;AVANZATO 1;;;RECENTE;Barry Amato;;64 conteggi 4 muri (Tag di 16 conteggi alla fine del 2^ muro) (Tag di 8 conteggi alla fine del 5^ muro)
;;278;MEMORY (Terzoni);slow burn;zac brown band;;ALTRE COREO;;;;Fabio Terzoni;;
;;279;MIDNIGHT TRAIN;midnight train;the washboard union;;ALTRE COREO;;;;;;
;;280;MILKY WAY;anywhere you wanna go;alan doyle;;ALTRE COREO;;;;;;
;;281;MISS OUR DAYS;miss our days;aalwoods;;SUPER AVANZATO 3;;;STUDIATA;Pol F. Ryan;;64 counts 2 muri (restart al 3° 7° e 10° muro) (tag alla fine del 4° e dell' 11° muro)
;;282;MONEY ON YOU;money on you;chad brownlee;;ALTRE COREO;;;;Stefano Civa;;
;;283;MR. FUNKY;hillibillies;hot apple pie;;INTERMEDIO;;;;David Prestor;Andrej Bohnec;48 conteggi 2 muri 3 restart 1 tag/restart
;;284;MR. LONELY;mr lonely;midland;;ALTRE COREO;;;;;;
;;285;MR POLICEMAN;mr. policeman;brad paisley;;AVANZATO 1;;;;Ria Vos;;64 conteggi 2 muri
;;286;MY BLUE JEANS;if you love somebody;kevin sharp;;ALTRE COREO;;;;;;
;;287;MY MARIA;breakin up thing;terri clark;;INTERMEDIO;COPPIA;;STUDIATA;Jgor Pasin;;28 conteggi (couple dance)
;;288;MY MARIA;crying on a suitcase;casey james;;INTERMEDIO;COPPIA;;STUDIATA;Jgor Pasin;;28 conteggi (couple dance)
;;289;MY MARIA;me and maxine;sammy kershaw;;INTERMEDIO;COPPIA;;STUDIATA;Jgor Pasin;;28 conteggi (couple dance)
;;290;MY MARIA;my maria;brooks & dunn;;INTERMEDIO;COPPIA;;STUDIATA;Jgor Pasin;;28 conteggi (couple dance)
;;291;MY MARIA;need you no;lady antebellum;;INTERMEDIO;COPPIA;;STUDIATA;Jgor Pasin;;28 conteggi (couple dance)
;;292;MY MARIA;that look;aaron watson;;INTERMEDIO;COPPIA;;STUDIATA;Jgor Pasin;;28 conteggi (couple dance)
;;293;MY MARIA;tougher than the rest;chris ledoux;;INTERMEDIO;COPPIA;;STUDIATA;Jgor Pasin;;28 conteggi (couple dance)
;;294;MY MARIA;when your lips are so close;gord bamford;;INTERMEDIO;COPPIA;;STUDIATA;Jgor Pasin;;28 conteggi (couple dance)
;;295;MYSTERIOUS GIRL;99.9% sure;the nashville stars;;ALTRE COREO;;;;;;
;;296;NANCY MULLIGAN;nancy mulligan;ed sheeran;;SUPER AVANZATO 3;;;;;;
;;297;NEVERMIND;las vegas gold;austin whalert;;ALTRE COREO;;;;;;
;;298;NEW TATOO;new tattoo;tim hicks;;ALTRE COREO;;;;;;
;;299;NEW TRUCK;new truck;dylan scott;;ALTRE COREO;;;;Pino Piromalli;;32 conteggi 2 muri

;;300;NIOLON;throwback;homegrown band;;ALTRE COREO;;;;;;
;;301;NO BLAME;blame;james johnston;;AVANZATO 1;;;STUDIATA;Isabella Ghinolfi;Giuseppe Piromalli;32 conteggi 2 muri [restart al 3°muro dopo 16 counts] [bridge di 4 counts al 4° muro dopo 16 counts e si continua dal monterey]
;;302;NO TURNING BACK;dark horse;aaron watson;;ALTRE COREO;;;;;;
;;303;NOTHING BUT YOU;nothing but you;leaving thomas;;ALTRE COREO;;;;Stefano Civa;;
;;304;NOTHING LIKE THIS;ain't seen nothing;paper kings;;ALTRE COREO;;;STUDIATA;Nans Istria;;32 conteggi 2 muri restart al 7° muro dopo 16 conteggi
;;305;OLD STUFF;the old stuff;b thomas;;ALTRE COREO;;;;;;
;;306;ONE MARGARITA;one margarita;luke bryan;;ALTRE COREO;;;;Pino Piromalli;;32 conteggi 2 muri
;;307;ONLY IN AMERICA;only in america;brooks & dunn;;ALTRE COREO;;;;;;
;;308;OPEN HEART COWBOY;little yellow blanket;dean brody;;ALTRE COREO;;;;;;
;;309;OREGON;getaway truck;aaron watson;;AVANZATO 1;;;;Silvia Denise Staiti;;48 conteggi 2 muri
;;310;OUT OF MY MIND;drive out of my mind;kassi ashton;;ALTRE COREO;;;;Teo Lattanzio;;
;;311;OVERRATED;overrated;tim mcgraw;;AVANZATO 1;;;RECENTE;Alessandro Boer;;32 conteggi 2 muri [Tag1 al 2° e 3° muro] [Tag2 al 3° 7° e 10° muro] [Tag 3 al 9° muro] Restart 4° muro dopo 15 counts + 1 tempo di pausa
;;312;P3;take it or break it;wilson fairchild;;BASE;;;STUDIATA;Gabi Ibanez;;32 conteggi 2 Muri (al 5° 13° 16° muro dopo 16 counts restart) (all 8° muro dopo 16 counts ci sono 4 counts di tag e poi restart)
;;313;P8;boys in boots;tania kernaghan;;ALTRE COREO;;;;;;
;;314;PARIS TENNESSEE;paris tennessee;tracy lawrence;;ALTRE COREO;;;;;;
;;315;PATIENT HEART;patient hearts;bekka & billy;;SUPER AVANZATO 3;;;STUDIATA;Michael VeraLobos;;48 conteggi 2 muri (Tag di 16 counts alla fine del terzo sesto e ottavo muro)
;;316;PAY ME MY MONEY DOWN;pay me my money down;bruce springsteen;;AVANZATO 2;CONTRA;;;David Prestor;;64 conteggi 2 muri (2 restart al 5° e 9° muro dopo 24 conteggi) [contra dance]
;;317;PERFECT SUNSET;better off in love;george canyon;;ALTRE COREO;;;;Silvia Denise Staiti;;64 conteggi 2 muri 4 restart
;;318;PETER PAN;when im grow up;the raging idiots;;ALTRE COREO;;;;;;
;;319;PICK A BALE;pick a bale of cotton;riverside;;ALTRE COREO;STAGE;;;;;
;;320;PIZZA AND BEER;dreaming enough to get me by;tony ramey;;SUPER AVANZATO 3;;;;;;
;;321;POP CORN;corn;blake shelton;;ALTRE COREO;;;;;;
;;322;POTA;kentucky;tiziano incani;;ALTRE COREO;;;RECENTE;Gianni Hook Valassi;;
;;323;POWERFULL STUFF;powerfull stuff;rascal flatts;;ALTRE COREO;;;;Jgor Pasin;;
;;324;PRESS REWIND;take it back;jef miles;;ALTRE COREO;;;;Fabian Muller;;32 conteggi 4 muri
;;325;PRETTY MAE;ballad of pretty mae;phill vassar;;ALTRE COREO;;;;Jgor Pasin;;
;;326;PRISCILLA;priscilla;miranda lambert;;ALTRE COREO;;;;;;
;;327;PUDDLE OF LOVE;puddle of love;mason ramsey;;ALTRE COREO;;;;;;
;;328;QUICKLY;working on a tan;brad paisley;;ALTRE COREO;;;;;;
;;329;QUITTER;quitter;carrie underwood;;AVANZATO 1;;;;Maggie Ghallager;;64 conteggi 4 muri (1 restart al 4° muro)
;;330;RADAR LOVE;radar love;the bunch;;ALTRE COREO;;;;;;
;;331;RAISE SOME HELL;raise some hell;dirty river boys;;AVANZATO 2;;;;Stefano Civa;;Star after 16counts Intro32 A16 B16 C32 D32 E64 AA B A B C AA BB C AA D E C AA
;;332;RAMPAMPAM;rampampam;minelli;;ALTRE COREO;;;;;;
;;333;READY FOR IT;this is it;oh the larceny;;ALTRE COREO;;;STUDIATA;;;
;;334;REAL FRIENDS;carry you home;thomas ward;;ALTRE COREO;;;;Johnny Rossato;;56 conteggi 2 muri 1 tag
;;335;RECREATION LAND;recreation land;tristan horncastle;;ALTRE COREO;;;;Teo Lattanzio;;
;;336;RECTO VERSO;something to die for;fiona culley;;AVANZATO 2;;;;Montana Country Show;;64 conteggi 1 muro 2 restart 1 tag
;;337;RED CARPET;shot in the dark;trea landon;;ALTRE COREO;;;;;;
;;338;REDNECK ANGEL;brighter than the sun;colbie cailat;;BASE;;;STUDIATA;Litzenburg & Filiou;;16 conteggi 4 muri
;;339;REDNECK ANGEL;if today was your last day;nickelback;;BASE;;;STUDIATA;Litzenburg & Filiou;;16 conteggi 4 muri
;;340;REDNECK ANGEL;merry go round;the janedear girls;;BASE;;;STUDIATA;Litzenburg & Filiou;;16 conteggi 4 muri
;;341;RESPECT GIRL;don't wanna love him;adley;;ALTRE COREO;;;;;;
;;342;RHINESTONE;rhinestone world;dallas smith;;ALTRE COREO;;;;Pino Piromalli;Valeria Bronco Rider;32 conteggi 2 muri livello intermedio (stile polka)
;;343;RIGHT WAY;if i knew;parker redmond;;ALTRE COREO;;;;;;
;;344;RODEO BLUES;sea of cowboy hats;chely wright;;ALTRE COREO;;;;;;
;;345;ROOTS;roots;zac brown band;;AVANZATO 2;;;STUDIATA;Stefano Civa;;32 conteggi 4 muri
;;346;ROUND TABLE RIVAL;roundtable rival;lindsey stirling;;ALTRE COREO;;;;;;
;;347;RUNAROUND SUE;runaround sue;the overtones;;ALTRE COREO;;;;;;
;;348;SAILOR BOY;sailor boy;george mc anthony;;ALTRE COREO;;;;;;
;;349;SALT LIME & TEQUILA;salt lime & tequila;ryan griffin;;AVANZATO 2;;;;Michelle Wright;;32 conteggi 2 muri
;;350;SCRAPT IT;scrap piece of paper;paul brandt;;ALTRE COREO;;;;;;
;;351;SELFIE & DRINK;in hell i'll be in good company;the dead south;;ALTRE COREO;CONTRA;;;Jgor Pasin;;
;;352;SET ON;drinking all weekend;blakjack billy & tim hicks;;ALTRE COREO;;;;;;
;;353;SETTLE DOWN;settle down;the mc clymons;;AVANZATO 2;;;STUDIATA;Isabelle Gamba;;80 conteggi 4 muri [tag alla fine del 3° e 5° muro] (restart 4°muro dopo 72 counts al 6°muro dopo 32 counts e al 7° muro dopo 64 counts)
;;354;SEVEN;seven drunken nights;mike denver;;AVANZATO 1;;;STUDIATA;Stefano Civa;;Parte A 32 conteggi Parte B 16 [Sequenza AA BB AA BB AA BBBB AA BB AA  BBB ]
;;355;SHAKING GROUND;i'm not going home;jess and the bandits;;ALTRE COREO;;;;;;
;;356;SHHH;standing me up;shannon hynes;;SUPER AVANZATO 1+2;;;;;;
;;357;SHIMMY;thicc as thieves;lauren alaina & lainey wilson;;ALTRE COREO;;;;Gianni Hook Valassi;;
;;358;SHORE THING;shore thing;luke bryan;;ALTRE COREO;;;;;;
;;359;SHORT TIME;chicken pickin;cory hargreaves;;AVANZATO 1;;;;Adriano Castagnoli;;68 conteggi 2 muri 2 Restart 1 Tag
;;360;SHOT OF GLORY;shot of glory;the washboard union;;ALTRE COREO;;;;;;
;;361;SIMPLE;simple;florida georgia line;;ALTRE COREO;;;;;;
;;362;SIMPLE THINGS;simple things;alexander cardinale;;SUPER AVANZATO 1+2;;;;;;
;;363;SINGLE MAN;single man;high valley;;INTERMEDIO;;;;Stefano Civa;;32 conteggi 2 muri 2 restart
;;364;SINNER;sinner;andy grammer;;ALTRE COREO;;;;;;
;;365;SKIFFLE TIME;mama don't alow;the jive aces;;INTERMEDIO;;;STUDIATA;Darren Bailey;;64 conteggi 4 muri
;;366;SNAP TO YOU;snap (high and fast);rosa linn;;SUPER AVANZATO 1+2;;;;;;
;;367;SOLDIER;soldier;high valley;;ALTRE COREO;;;;;;
;;368;SOMEBODY TO YOU;somebody to you;the vamps;;ALTRE COREO;;;;;;
;;369;SOMETHING FINE;something in the water;brooke fraser;;INTERMEDIO;COPPIA;CERCHIO;STUDIATA;Dan Albro;;(couple and circle)
;;370;SOMEWHERE ELSE;somewhere else;toby keith;;ALTRE COREO;;;;;;
;;371;SOMEWHERE IN MY CAR;somewhere in my car;keith urban;;ALTRE COREO;;;;;;
;;372;SOUTH OF SANTA FE;south of santa fe;brooks & dunn;;ALTRE COREO;;;;;;
;;373;STAND OUT;stand out;queeva;;ALTRE COREO;;;;;;
;;374;START THE CAR;farm girl strong;gord bamford;;BASE;;;STUDIATA;Tina Neale;;32 conteggi 4 muri
;;375;START THE CAR;i feel lucky;mary chapin carpenter;;BASE;;;STUDIATA;Tina Neale;;32 conteggi 4 muri
;;376;START THE CAR;kerosene kid;jimmy wayne;;BASE;;;STUDIATA;Tina Neale;;32 conteggi 4 muri
;;377;START THE CAR;limes;brad paisley;;BASE;;;STUDIATA;Tina Neale;;32 conteggi 4 muri
;;378;START THE CAR;start the car;travis tritt;;BASE;;;STUDIATA;Tina Neale;;32 conteggi 4 muri
;;379;STITCH IT UP;elvis medley;the deans brother;;INTERMEDIO;;;STUDIATA;Robbie McGowan Hickie;;64 conteggi 4 muri
;;380;STITCH IT UP;jingle bells;tracy bird;;INTERMEDIO;NATALIZIA;;STUDIATA;Robbie McGowan Hickie;;64 conteggi 4 muri
;;381;STORM AND STONE;run;storm & stone;;AVANZATO 1;;;STUDIATA;Maddison Glover;;32 conteggi [parte A alle ore 12 e 3] [parte B alle ore 6 e 9]
;;382;STORY;story;drake white;;ALTRE COREO;;;;;;
;;383;STRONG BOUNDS;long goodbye;dwight yoakam;;ALTRE COREO;;;;;;
;;384;SUGAR;make it sweet;old dominion;;SUPER AVANZATO 1+2;;;;Sofia Balzano;;
;;385;SUMMER FLY;summer fly;hayley westenra;;ALTRE COREO;;TWO STEP;;;;
;;386;SUNBEAM;sunbeam;jack county;;SUPER AVANZATO 3;;;;;;
;;387;SUNHEART;wildfire and whiskey;tenille arts;;ALTRE COREO;;;;;;
;;388;SUNSET;you belong with me;taylor swift;;AVANZATO 1;;;STUDIATA;C B S LOUJO;;32 conteggi 4 muri
;;389;SWEET ERIKA;small town big time;blake shelton;;ALTRE COREO;;;;;;
;;390;SWEET EYES;don't close your eyes;ritchie remo;;ALTRE COREO;;TWO STEP;;;;
;;391;SWEET PEACHES;georgia peaches;lauren alaina;;ALTRE COREO;;;;;;
;;392;SWINGIN' THING;honey hush;scooter lee;;ALTRE COREO;CERCHIO;;;;;
;;393;T-M;praise of the lord;breland;;ALTRE COREO;;;;;;
;;394;TAG ON;too strong to break;beccy cole;;AVANZATO 1;;;STUDIATA;David Villelas;;64 conteggi 2 muri [restart al 3° muro dopo 24 counts ed al 6° muro dopo 32 counts]
;;395;TAKE ME TO NEW YORK;long live the night;the reklaws;;AVANZATO 1;;;RECENTE;Johnny Rossato;;32 conteggi 4 muri [1 muro Tag1 2 muro 3 muro Tag2 4 muro Tag1 5 muro 6 muro 7 muro Tag1+Tag2 8 muro Tag2 9 muro 10 muro]
;;396;TH-GUEST RANCH;girl with the fishing rod;lisa mchugh;;AVANZATO 2;;;;Jesus Osuna;;64 conteggi 2 muri 4 restart
;;397;THE BEAST;somethin' in the water;the cheap seats;;SUPER AVANZATO 1+2;;;;;;
;;398;THE COUNTRY FEVER;anywhere for you;mackenzie porter;;ALTRE COREO;;;;;;
;;399;THE DIFFERENCE;the difference;carolina jones;;ALTRE COREO;;;;;;
;;400;THE LOVERS;year of the young;smith & thell;;ALTRE COREO;;;;Johnny Rossato;;
;;401;THE STORY;the story of us;taylor swift;;ALTRE COREO;;;;;;
;;402;THE WISH;fall into you;houses on the hill;;AVANZATO 2;;;;Pol F. Ryan;Francesca Penzo;64 conteggi 2 muri 3 restart
;;403;THE WORLD;the world;brad paisley;;AVANZATO 2;;;;Maggie Ghallager;;64 conteggi 4 muri
;;404;THELMA & LOUISE;thelma and louise;anna bergendahl;;AVANZATO 1;;;;Stefano Civa;Johnny Rossato;32 conteggi 2 muri 3tag Intro e Finale
;;405;THERE IS A FIRE;there is a fire;national park radio;;ALTRE COREO;;;;;;
;;406;THINK OF YOU;think of you;chris young;;ALTRE COREO;;;;Pino Piromalli;;32 conteggi 4 muri
;;407;THIS WORLD IS OUR HOME;this world is our home;douwe bob;;AVANZATO 2;;;STUDIATA;Johnny Rossato;Fabian Muller;32 conteggi 2 muri 4 restart (al 1° 2° e 5°  muro dopo 28 conteggi) (al 4° muro dopo 16 conteggi)
;;408;THREE TEACHERS;head over heels;the washboard union;;BASE;;;RECENTE;David Villelas;Araceli Capitan & Montse;32 conteggi 4 muri 2 restart  (dopo il 4° e 11° muro dopo 24 counts) 1 tag (4 conteggi di pausa 11° muro)
;;409;THROWBACK LOVE;throwback love;meghan trainor;;SUPER AVANZATO 3;;;;;;
;;410;TICK TOCK;1 2 mary;brooks & dunn;;ALTRE COREO;;;;;;
;;411;TO BE HONEST;rude;sorbye jennebo;;SUPER AVANZATO 3;;;;Federica Dall'Aglio;;
;;412;2 HELL AND BACK;if you're going through hell;rodney atkins;;INTERMEDIO;;;RECENTE;Rob Fowler;Kate Sala;32 conteggi 2 muri
;;413;TODAY & TOMORROW;country roads;holly spears;;AVANZATO 2;;TWO STEP;;Silvia Denise Staiti;;64 conteggi 1 Tag 1 Restart
;;414;TOES;toes;zac brown band;;INTERMEDIO;;;STUDIATA;Rachael McEnaney;;32 conteggi 4 muri
;;415;TOMORROW NEVER COMES;tomorrow never comes;zac brown band;;AVANZATO 1;;;;Fabio Terzoni;;46 conteggi 2 muri (Parte A 32 counts Parte B 14 counts) Tag 4 counts 2 restart
;;416;TOO MANY DRUNK;i hate you when you're drunk;olly murs;;AVANZATO 2;;;;Sandrine Caracchioli;Chantal Levallois;56 conteggi 4 muri
;;417;TOP OF THE WORLD;on top of the world;tim mcmorris;;ALTRE COREO;;;;Teo Lattanzio;;
;;418;TORNADO;tornado;little big town;;ALTRE COREO;;;;;;
;;419;TOUR IN MEXICO;go to mexico;coffey anderson;;AVANZATO 1;;;STUDIATA;Adriano Castagnoli;;52 conteggi 2 muri [Parte A 32 counts Parte B 20 counts] Sequenza (2 volte A 1 Volta B) (4 volte A 1 volta B) (3 volte A 1 volta B) (3 volte A 1 volta B) 
;;420;TRAIN;train;manny blu;;ALTRE COREO;;;;Gianni Hook Valassi;;
;;421;TRAKTOR'S BELL;she cranks me traktor;dustin lynch;;ALTRE COREO;;;;;;
;;422;TRAMPOLINE;trampoline;the unlikely candidates;;ALTRE COREO;;;;;;
;;423;TRESPASSING;trespassing;adam lambert;;ALTRE COREO;;;;;;
;;424;TRILOGY;old dirt roads;owen riegling;;SUPER AVANZATO 1+2;;;STUDIATA;Jgor Pasin;;
;;425;TRIPLE L;live laugh and love;lonestar;;SUPER AVANZATO 3;;;STUDIATA;Jeremie Tridon;Brigitte Zerah Audrey Gendre;72 conteggi 1 Tag (dopo 16 conteggi)
;;426;TUSH PUSH;don't know why i do it;mark chesnutt;;BASE;CERCHIO;;STUDIATA;Jim Ferrazzano;;40 conteggi 4 muri
;;427;TUSH PUSH;honky tonk twist;scooter lee;;BASE;CERCHIO;;STUDIATA;Jim Ferrazzano;;40 conteggi 4 muri
;;428;TUSH PUSH;santa looked a lot like daddy;brad paisley;;BASE;CERCHIO;NATALIZIA;STUDIATA;Jim Ferrazzano;;40 conteggi 4 muri
;;429;TUSH PUSH;splish splash;scooter lee;;BASE;CERCHIO;;STUDIATA;Jim Ferrazzano;;40 conteggi 4 muri
;;430;TUSH PUSH;t r o u b l e;travis tritt;;BASE;CERCHIO;;STUDIATA;Jim Ferrazzano;;40 conteggi 4 muri
;;431;TWO WAYS;we didn't have much;justin moore;;ALTRE COREO;;;;;;
;;432;UNTAMED;untamed;cam;;AVANZATO 1;;;STUDIATA;Alessandro Boer;;32 conteggi 4 muri (Tag1 al 2^ muro dopo 20 counts) (Tag2 al 6^ muro dopo 20 counts) (Tag3 al 9^ muro dopo 16 counts) [Restart al 4^ muro dopo 8 conteggi]


;;433;URBAN LIFE;better life;keith urban;;BASE;CONTRA;;STUDIATA;A T  Joven;;32 conteggi 2 muri [contra dance]
;;434;URBAN LIFE;gotta be somebody;nickelback;;BASE;CONTRA;;STUDIATA;A T  Joven;;32 conteggi 2 muri [contra dance]
;;435;URBAN LIFE;gotta be somebody;bucky covington;;BASE;CONTRA;;STUDIATA;A T  Joven;;32 conteggi 2 muri [contra dance]
;;436;VODKA TIME;vodka time;urban trad;;ALTRE COREO;;;;;;
;;437;WACKY;cut loose;blue broussard band;;ALTRE COREO;;;;;;
;;438;WAHO WAHO YEAH YEAH;if that ain't love;jaida dreyer;;ALTRE COREO;;;;;;
;;439;WALKIN' THE LINE;4th of july;shooter jennings;;BASE;;;RECENTE;Unknown;;26 conteggi 4 muri
;;440;WALKIN' THE LINE;breathless;the corrs;;BASE;;;RECENTE;Unknown;;26 conteggi 4 muri
;;441;WALKIN' THE LINE;crazy;alee;;BASE;;;RECENTE;Unknown;;26 conteggi 4 muri
;;442;WALKIN' THE LINE;walk the line;dave sheriff;;BASE;;;RECENTE;Unknown;;26 conteggi 4 muri
;;443;WALKIN' THE LINE;wild angels;martina mcbride;;BASE;;;RECENTE;Unknown;;26 conteggi 4 muri
;;444;WANNA GETCHA;getcha;matt lang;;ALTRE COREO;;;;;;
;;445;WANNA GO;if it gets you where you wanna go;dallas smith;;ALTRE COREO;;;;;;
;;446;WE ARE TONIGHT;we are tonight;billy currington;;INTERMEDIO;;;STUDIATA;Dan Albro;;32 conteggi 4 muri
;;447;WE DANCED;dirt on my boots;jon pardi;;ALTRE COREO;COPPIA;CERCHIO;;;;
;;448;WE WENT;we went;randy houser;;BASE;;;RECENTE;Kristina Kovatch;;24 conteggi 4 muri
;;449;WESTERN SHOW;young love & saturday nights;chris young;;SUPER AVANZATO 1+2;;;;Pol F. Ryan;Algaly Fofana Johnny Rossato;
;;450;WESTERN STYLE;can't get myself over getting over you;the woolpackers;;BASE;COPPIA;CERCHIO;RECENTE;;;(couple and circle)
;;451;WESTERN STYLE;louisiana;the woolpackers;;BASE;COPPIA;CERCHIO;RECENTE;;;(couple and circle)
;;452;WESTERN STYLE;no one needs to know;shania twain;;BASE;COPPIA;CERCHIO;RECENTE;;;(couple and circle)
;;453;WESTERN STYLE;tell me why;wynonna judd;;BASE;COPPIA;CERCHIO;RECENTE;;;(couple and circle)
;;454;WHAT DO I KNOW;what do i know;ricochet;;ALTRE COREO;;;;Gianni Hook Valassi;;
;;455;WHEN YOU SMILE;when you smile;rune rudberg;;ALTRE COREO;;;;;;
;;456;WHISKEY WHISKEY;1 2 3 4 ;alan doyle;;ALTRE COREO;STAGE;;;;;
;;457;WHISKEY WIGGLE;every little thing;carlene carter;;INTERMEDIO;COPPIA;CERCHIO;STUDIATA;Joyce Warren;;48 conteggi [coppia cerchio]
;;458;WHITE SOLDIER;when i'm gone;the wild horses;;INTERMEDIO;;;RECENTE;Pol F. Ryan;Johnny Rossato;32 conteggi 2 muri (1°tag di 16 counts alla fine del 3 muro) (2°tag di 8 counts alla fine del 7 muro)
;;459;WILD AT HEART;wild at heart;gloriana;;ALTRE COREO;;;;;;
;;460;WILD NIGHTS;wild night;martina mcbride;;INTERMEDIO;;;RECENTE;Dan Albro;;64 conteggi 4 muri
;;461;WILLIWAW;one of a kind;nasco brothers;;ALTRE COREO;;;;Pol F. Ryan;;
;;462;WOBBLE;wobble;v i c;;ALTRE COREO;STAGE;;;;;
;;463;WOMAN AMEN;woman amen;dierks bentley;;ALTRE COREO;;;;;;
;;464;WONDER;memory lane;old dominion;;AVANZATO 2;;;STUDIATA;Pol F. Ryan;Laura Jones;72 conteggi 2 muri
;;465;WOOD LEG STOMP;doreen;kerosene brothers;;SUPER AVANZATO 1+2;;;;;;
;;466;YA COME DOWN;wont't ya come down;derek ryan;;AVANZATO 1;;;;Teo Lattanzio;;64 conteggi 2 muri 1 tag 1 restart
;;467;YABOY;long time gone;nathan carter;;ALTRE COREO;;;;;;
;;468;YELLOWSTONE;right about now;curtis grimes;;SUPER AVANZATO 1+2;;;;;;
;;469;YES;yes;chad brock;;BASE;;;RECENTE;Jerome Massiasse;;32 conteggi 4 muri 1 tag alla fine del 4° muro
;;470;YOU GET IT;ready to go;bryce pallister;;ALTRE COREO;;;;;;
;;471;ZANZARE;no hard feelings;old dominion;;ALTRE COREO;;;;David Villelas;Pol F. Ryan;64 conteggi 2 muri 2 restart tags and final
;;472;ZJOZZYS FUNK;bacco perbacco;zucchero fornaciari;;INTERMEDIO;;;;Petra Van de Velde;;32 conteggi 2 muri
;;473;ZORBA;zorba's dance;lcd;;ALTRE COREO;;;;;;
;;474;MIRACLE;miracle;tors;;SUPER AVANZATO 1+2;;;;Teo Lattanzio;;
;;475;TIPPIN' IT UP;tippin’ it up to nancy;sean magee;;INTERMEDIO;;;RECENTE;Gary O'Reilly;;32 conteggi 4 muri (Tag ripetuto alla fine del 1° 4° 7° e 10° muro)
;;476;CHA CHA COUNTRY;your man;josh turner;;ALTRE COREO;;;;;;
;;477;WANDERLUST;buzzkill;lanie gardner;;AVANZATO 2;;;;Neus Llioveras;;32 conteggi 2 muri tag di 8 conteggi al 1° e al 5° muro dopo 24 counts al 10° muro finale con lento full turn a sinistra
;;478;CHANGING DANCE BARN DANCE;feliz navidad;josè feliciano;;BASE;COPPIA;CERCHIO;STUDIATA;;;(couple and circle)
;;479;LOVE SOMEBODY;love somebody;morgan wallen;;ALTRE COREO;;;;Gianni Hook Valassi;;
;;480;COUNTRY FRIENDS CRUISE;long live the cowboy;clay walker;;ALTRE COREO;;;;Pino Piromalli;Séverine Fillion;32 conteggi 4 muri
;;481;NEVERLAND;beautiful rose;sean mc connell;;SUPER AVANZATO 1+2;;;;;;64 conteggi restart (al 3° e al 7° muro dopo 24 counts) (al 4° dopo 32° counts) (al 8° muro dopo 48 counts) (al 10° muro tag kick cross + unwind e restart)
;;482;DOUBLE D (DUCK DYNASTY);cut 'em all;colt ford ft. willie robertson;;AVANZATO 2;;;;Trevor Thornton;;32 conteggi 4 muri
;;483;BEYOND TIME;forever and ever amen;randy travis;;ALTRE COREO;;;;Ciccio;;64 conteggi 1 restart
;;484;COUNTRY STYLE;until the money's gone;the bellamy brothers;;ALTRE COREO;;;;Neus Llioveras;;32 conteggi 4 muri
;;485;HOLY MOLY;footloose;blake shelton;;ALTRE COREO;;;;David Villelas;;
;;486;TUSH PUSH;be my baby tonight;jhon michael montgomery;;BASE;CERCHIO;;STUDIATA;Jim Ferrazzano;;40 conteggi 4 muri
;;487;SWEET BOY;yeah boy;kelsea ballerini;;ALTRE COREO;;;;David Villelas;;
;;488;MILESTONE;your love is a miracle;mark chesnutt;;ALTRE COREO;;;;David Villelas;;
;;489;GUTS;authority song;chancey williams;;ALTRE COREO;;;;;;
;;490;OLD BOOTS;this old boots have roots;aaron watson;;ALTRE COREO;;;;Fabio Terzoni;;
;;491;BETTER THAN THIS;better than this;hunter hayes;;ALTRE COREO;;;;Fabio Terzoni;;
;;492;RENEGADES;renegades;x ambassador;;ALTRE COREO;;;;Fabio Terzoni;;
;;493;MEMORY (Ghinolfi Piromalli);every other memory;ryan hurd;;ALTRE COREO;;;;Isabella Ghinolfi;Pino Piromalli;56 conteggi 2 muri
;;494;KICK IT UP;kick it up;the mc clymons;;ALTRE COREO;;;;Isabella Ghinolfi;Sabrina Vecchiato;
;;495;COWBOY;i wanna be your cowboy;coffey anderson;;ALTRE COREO;;;;Isabella Ghinolfi;;
;;496;YOU ARE;you are;aaron goodvin;;ALTRE COREO;;;;Isabella Ghinolfi;;
;;497;DAY OF VICTORY;listen to your senses;slim attraction;;ALTRE COREO;;;;Pol F. Ryan;;
;;498;DELICIOUS;didn't I;dasha;;AVANZATO 2;;;RECENTE;Pol F. Ryan;Sofia Balzano;64 Conteggi No Tag No Restart 2 Muri (Finale con uno stomp all'8° muro dopo 32 conteggi)
;;499;MINDSET;you'll always find your way back home;miley cyrus;;SUPER AVANZATO 1+2;;;STUDIATA;The Smileys;;Coregrafia frasata
;;500;STILL GONE;still gonna be;brandon davies;;AVANZATO 1;;;STUDIATA;Pol F. Ryan;;32 conteggi 2 muri Restart al 3^ 6^ e 7^ muro dopo 16 conteggi
;;501;LIQUOR TALKING;liquor talkin';don luis;;SUPER AVANZATO 1+2;;;STUDIATA;Maddison Glover;;48 conteggi 2 muri restart al 3^ muro dopo 32 conteggi al 5^ muro si ballano solo le ultime 2 ottave.
;;502;BACK TO THE START;back to the start;michael schulte;;ALTRE COREO;;;RECENTE;Hayley Wheatley;;32 conteggi 4 muri 1 restart al 5 muro dopo 16 conteggi
;;503;HOUSE OF BAMBOO (THIS CITY IS OURS);house of mamboo;andy williams;;BASE;;;RECENTE;Maggie Stevenson;;32 conteggi 4 muri
;;504;6 SHOTS;bad decisions;dylan schneider;;ALTRE COREO;;;;Deborah Ricagni;;
;;505;WAVE ON WAVE;wave on wave;pat green;;ALTRE COREO;;;;Alan Birchal;Valery Bourgeois;
;;506;ALL DAY;all day;locash;;ALTRE COREO;;;;Valentina Trigila;;
;;507;4 COWBOY;rough ride for a cowboy;mackenzie porter;;ALTRE COREO;;;;Valentina Trigila;Gianni Hook Valassi;
;;508;SCOOBY DOO;scooby doo ;redneck rockus 2;;ALTRE COREO;;;;Gianni Hook Valassi;;
;;509;LEAVE IT UP;something in your mouth;nickelback;;ALTRE COREO;;;;Fi Scott & Johnny Two Step;;32 conteggi 4 muri
;;510;MY CINDERELLA;cinderella;dan davidson;;AVANZATO 1;;;STUDIATA;David Villelas;;32 conteggi 2 muri 2 restart 1 tag
;;511;CHEYENNE;tutta l'italia;gabry ponte;;BASE;;;STUDIATA;Unknown;;24 conteggi 4 muri
;;512;CHEYENNE;old town road ;lil nas x feat billy ray cyrus;;BASE;;;STUDIATA;Unknown;;24 conteggi 4 muri
;;513;GYPSY WOMAN;gypsy woman;eamonn jackson;;ALTRE COREO;;;STUDIATA;Tessy Josset;;32 conteggi 4 muri 1 restart al 4 muro dopo 16 conteggi
;;514;WILD;where the wild things are;luke combs;;SUPER AVANZATO 3;;;STUDIATA;Isabella Ghinolfi;;32 conteggi 2 muri
;;515;CARRY YOU;carry you home;tim hicks & dyana reid;;SUPER AVANZATO 1+2;;;STUDIATA;David Villelas;;Coregrafia frasata
;;516;TUSH PUSH;i like it i love it;tim mc graw;;BASE;CERCHIO;;STUDIATA;Jim Ferrazzano;;40 conteggi 4 muri
;;517;AARIN'S SPIRIT;spirit in the sky;kentucky headhunters;;ALTRE COREO;;;;Nancy Morgan;;32 conteggi 4 muri
;;518;CHANGING DANCE BARN DANCE;all you ever do is bring me down;the mavericks;;BASE;COPPIA;CERCHIO;STUDIATA;;;(couple and circle)
;;519;CHILL FACTOR;i play chicken with the train;cowboy troy with big & ritch;;INTERMEDIO;;;RECENTE;Daniel Whittaker;Hayley Westhead;48 conteggi 4 muri
;;520;CHILL FACTOR;turn on the radio;reba mcentire;;INTERMEDIO;;;STUDIATA;Rob Fowler;;32 conteggi 4 muri
;;521;EYES ON YOU;eyes on you;trent tomlisson;;ALTRE COREO;;;;;;
;;522;MY MARIA;that girl's got a cowboy heart;todd fritsch;;INTERMEDIO;COPPIA;;STUDIATA;Jgor Pasin;;28 conteggi (couple dance)
;;523;MY MARIA;two black cadillacs;carrie underwood;;INTERMEDIO;COPPIA;;STUDIATA;Jgor Pasin;;28 conteggi (couple dance)
;;524;OH LOVE;oh love;thorstein einarsson;;SUPER AVANZATO 3;;;RECENTE;Johnny Rossato;;32 conteggi tag2 4c 1 restart al 5 muro dopo 16 conteggi
;;525;LOOP;over all over again;james barker band;;SUPER AVANZATO 3;;;STUDIATA;Pol F. Ryan;Aurora Profumo Stefano Ciaccio;32 conteggi 4 muri
;;526;RETRO;i feel it in the wind;smith & thell;;SUPER AVANZATO 3;;;STUDIATA;Gusella Paolo;;32 conteggi 2 muri
;;527;WONT' LET GO;ex's and oh's;saddle up;;SUPER AVANZATO 3;;;STUDIATA;David Villelas;;
;;528;DEAD MAN WALKING;the hangman;war hippies;;ALTRE COREO;;;;Jgor Pasin;;
;;529;DANCE WITH EVERYBODY;dance with everybody;drew holcomb & the neighbors and the national park;;ALTRE COREO;;;;Jgor Pasin;;
;;530;MY MARIA;what the heart want;collin raye;;INTERMEDIO;COPPIA;;STUDIATA;Jgor Pasin;;28 conteggi (couple dance)
;;531;NICE TO MEET YOU;nice to meet you;myles smith feat lainey wilson;;SUPER AVANZATO 3;;;STUDIATA;Gia Caparros;;32 conteggi 2 muri Tag alla fine del 4° muro
;;532;ELECTRIC SLIDE;rumor has it;clay walker;;BASE;;;STUDIATA;Ric Silvern;;14 conteggi 2 muri
;;533;FRESH DELAY;work for it;daphne willis & lonis;;SUPER AVANZATO 3;;;STUDIATA;Sara Sofia Katia Margherita;;
;;534;MAGIC MOMENT;just like magic;casey barnes;;ALTRE COREO;;;;Alex & Rosy;;
;;535;SOMEWHERE IN SEDONA;so far so good;dalton davis;;SUPER AVANZATO 3;;;STUDIATA;Maddison Glover;;64 conteggi 2 muri No tag No Restart
;;536;ELECTRIC SLIDE;no rompas mi corazon;caballo dorado;;BASE;;;STUDIATA;Ric Silvern;;14 conteggi 2 muri
;;537;MY MARIA;choosin' texas;ella langley;;INTERMEDIO;COPPIA;;STUDIATA;Jgor Pasin;;28 conteggi (couple dance)
;;538;SWISS GUY;swiss guy;florian fox;;SUPER AVANZATO 3;;;STUDIATA;Fabian Muller;;48 counts 4 muri 3 Tag [Tag 1 di 17 conteggi al 3^ e al 6^ muro dopo 15 conteggi] [Tag 2 di 4 conteggi all’8^ muro dopo 32 conteggi] [Tag 3 di 33 conteggi al 10^ muro dopo 15 conteggi]
;;539;CASANOVA COWBOY;love runs out;onerepublic;;INTERMEDIO;;;STUDIATA;Rob Fowler;;32 conteggi 4 muri
;;540;BIG BULL FIDDLE;big butch bass bull fiddle;corb lund;;SUPER AVANZATO 3;;;;Arne Stakkestad;;56 conteggi 2 muri
;;541;TEXAS HOLD'EM;texas hold'em;beyoncè;;ALTRE COREO;;;;Laura Jones;;32 conteggi 2 muri
;;542;OPHELIA;ophelia;taylor swift;;ALTRE COREO;;;;Mikyung Lee;;40 conteggi 2 muri
;;543;ELECTRIC STOMP;fast as you;dwight yoakam;;ALTRE COREO;;;;;;24 conteggi 4 muri
;;544;LAKE DARBONNE;lake darbonne;katie knight;;SUPER AVANZATO 3;;;STUDIATA;David Villelas;;32 conteggi 1 restart al 4° muro dopo 16 conteggi
;;545;MAN ON A MISSION;man on a mission;oh the lacerny;;SUPER AVANZATO 3;;;RECENTE;Gary O'Reilly;Guillaume Richard Niels Puolsen;32 conteggi 2 muri [restart al 2° e 5° muro dopo 8 counts] (tag alla fine del 3° muro dopo 8 counts)
;;546;CASANOVA COWBOY;man i feel like a woman;shania twain;;INTERMEDIO;;;STUDIATA;Rob Fowler;;32 conteggi 4 muri
;;547;C A R E;the last chanty;derina harvey band;;SUPER AVANZATO 3;;;RECENTE;Fabian Muller;;32 conteggi 4 muri [3 restart al 2° e al 6° dopo 16 counts al 12° dopo 8 counts] finale si ripete ultima ottava due volte
;;548;I SHOWED YOU THE DOOR;the door;teddy swims;;SUPER AVANZATO 3;;;RECENTE;Ria Vos;;64 conteggi 4 muri (restart al 2° muro dopo 32 counts)
;;549;CHEYENNE;drunken sailor ;malinda feat. bobby waters;;BASE;;;STUDIATA;Unknown;;24 conteggi 4 muri
;;550;THE THING I LOVE;the thing i love;max & andy grammer;;SUPER AVANZATO 3;;;STUDIATA;Johnny Rossato;Daniela Seidel;32 conteggi 4 muri Restar al 3°muro dopo 16 conteggi
;;551;HOT CHOCOLATE;bed dreams;teddy swims;;SUPER AVANZATO 3;;;RECENTE;Sara Sofia Katia Margherita;;32 conteggi 2 muri No Tag e No Restart
;;552;BLUE CHAIRS;two blue chairs & you;zac brown band;;ALTRE COREO;;;;Alessandro Boer;;32 conteggi 4 muri
;;553;MONSTER HOLIDAY;(it's a) monsters holiday;buck owens and the buckaroos;;ALTRE COREO;;;;Gianni Hook Valassi;;64 conteggi 4 muri
;;554;DOODLES;doodles;rose betts;;SUPER AVANZATO 3;;;RECENTE;Aurora Profumo;;Parte A 32 Counts Parte B 68 counts Parte B corta 64 conteggi Sequenza A A B A A Bcorta A B A A B & final
;;555;LOVE POTION 666;love potion 666;djtexx;;ALTRE COREO;;;;Rob Fowler;;32 conteggi 2 muri No tag No restart
;;556;;;;;;;;;;;
;;557;;;;;;;;;;;
;;558;;;;;;;;;;;
;;559;;;;;;;;;;;
;;560;;;;;;;;;;;
;;561;;;;;;;;;;;
;;562;;;;;;;;;;;
;;563;;;;;;;;;;;
;;564;;;;;;;;;;;
;;565;;;;;;;;;;;
;;566;;;;;;;;;;;
;;567;;;;;;;;;;;
;;568;;;;;;;;;;;
;;569;;;;;;;;;;;
;;570;AUDIO VIDEO TESTER;tsunami;dvbbs & borgeus;;;TEST;TEST;;;;
;;571;PROMO MONSTER;ANNO 2023;;;;TEST;TEST;;;;
;;572;;;;;;;;;;;
;;573;;;;;;;;;;;
;;574;;;;;;;;;;;
;;575;;;;;;;;;;;
;;576;;;;;;;;;;;
;;577;;;;;;;;;;;
;;578;;;;;;;;;;;
;;579;;;;;;;;;;;
;;580;;;;;;;;;;;
;;581;;;;;;;;;;;
;;582;;;;;;;;;;;
;;583;;;;;;;;;;;
;;584;;;;;;;;;;;
;;585;;;;;;;;;;;
;;586;;;;;;;;;;;
;;587;;;;;;;;;;;
;;588;;;;;;;;;;;
;;589;;;;;;;;;;;
;;590;;;;;;;;;;;
;;591;;;;;;;;;;;
;;592;;;;;;;;;;;
;;593;;;;;;;;;;;
;;594;;;;;;;;;;;
;;595;;;;;;;;;;;
;;596;;;;;;;;;;;
;;597;;;;;;;;;;;
;;598;;;;;;;;;;;
;;599;;;;;;;;;;;
;;600;;;;;;;;;;;
